<?xml version="1.0" encoding="UTF-8"?>
<project-private xmlns="http://www.netbeans.org/ns/project-private/1">
    <editor-bookmarks xmlns="http://www.netbeans.org/ns/editor-bookmarks/2" lastBookmarkId="0"/>
    <open-files xmlns="http://www.netbeans.org/ns/projectui-open-files/2">
        <group>
            <file>file:/C:/Users/FernandoFG/Desktop/Carrito_Rx.X/Main.c</file>
            <file>file:/C:/Users/FernandoFG/Desktop/Carrito_Rx.X/Timer0_Library.c</file>
            <file>file:/C:/Users/FernandoFG/Desktop/Carrito_Rx.X/PWM_Library.c</file>
            <file>file:/C:/Users/FernandoFG/Desktop/Carrito_Rx.X/INT0_Library.c</file>
            <file>file:/C:/Users/FernandoFG/Desktop/Carrito_Rx.X/INT0_Library.h</file>
        </group>
    </open-files>
</project-private>
